"pitch_type","game_date","release_speed","release_pos_x","release_pos_z","player_name","batter","pitcher","events","description","spin_dir","spin_rate_deprecated","break_angle_deprecated","break_length_deprecated","zone","des","game_type","stand","p_throws","home_team","away_team","type","hit_location","bb_type","balls","strikes","game_year","pfx_x","pfx_z","plate_x","plate_z","on_3b","on_2b","on_1b","outs_when_up","inning","inning_topbot","hc_x","hc_y","tfs_deprecated","tfs_zulu_deprecated","pos2_person_id","umpire","sv_id","vx0","vy0","vz0","ax","ay","az","sz_top","sz_bot","hit_distance_sc","launch_speed","launch_angle","effective_speed","release_spin_rate","release_extension","game_pk","pos1_person_id","pos2_person_id","pos3_person_id","pos4_person_id","pos5_person_id","pos6_person_id","pos7_person_id","pos8_person_id","pos9_person_id","release_pos_y","estimated_ba_using_speedangle","estimated_woba_using_speedangle","woba_value","woba_denom","babip_value","iso_value","launch_speed_angle","at_bat_number","pitch_number","pitch_name","home_score","away_score","bat_score","fld_score","post_away_score","post_home_score","post_bat_score","post_fld_score"
"CU","2018-05-09","74.8","-0.6554","6.1725","Kris Bryant",592178,642571,"strikeout","called_strike",,,,,"4","Kris Bryant called out on strikes.  ","R","R","R","CHC","MIA","S",2,"null",2,2,2018,"1.0199","-0.9270","-0.8032","2.6810","null","null","546991.00",0,6,"Bot","null","null",,,592407,,"180509_203032","-1.9737","-108.6018","1.5539","8.0722","19.9205","-39.7582","3.2861","1.6213","null","null","null","72.9530","2574","5.1240",529956,642571,592407,571506,516770,445988,500743,543776,621446,605119,"55.3759","null","null","0.00",1,0,0,"null",53,"5","Curveball",10,1,10,1,1,10,10,1
"FO","2018-05-09","86.7","-2.0770","6.3341","Kris Bryant",592178,547749,"field_out","hit_into_play",,,,,"4","Kris Bryant lines out sharply to left fielder Cameron Maybin.  ","R","R","R","CHC","MIA","X",7,"line_drive",2,2,2018,"-1.1741","0.5019","-0.4937","2.4953","null","null","546991.00",0,4,"Bot","41.77","75.15",,,592407,,"180509_194554","5.9672","-126.0122","-3.9299","-13.2501","23.5723","-26.4984","3.2451","1.4070","350","105.4","20.5780","85.3550","1548","5.3080",529956,547749,592407,571506,516770,445988,500743,457727,621446,605119,"55.1915","0.881","1.443","0.00",1,0,0,6,36,"6","Forkball",9,1,9,1,1,9,9,1
"SL","2018-05-09","83.7","1.8497","6.0165","Kris Bryant",592178,612672,"double","hit_into_play_score",,,,,"6","Kris Bryant doubles (11) on a fly ball to center fielder Lewis Brinson.   Addison Russell scores.    Albert Almora Jr.   to 3rd.  ","R","R","L","CHC","MIA","X","null","fly_ball",2,0,2018,"-0.5353","0.1085","0.3237","2.5585","608365.00","null","546991.00",1,3,"Bot","165.99","38.06",,,592407,,"180509_191616","-2.4609","-121.7179","-1.7336","-4.6942","24.3508","-31.0314","3.2451","1.4070","389","97.5","29.2530","82.6310","2122","5.6540",529956,612672,592407,571506,516770,445988,500743,457727,621446,605119,"54.8456","0.436","0.800","1.25",1,1,1,5,23,"3","Slider",1,0,1,0,0,1,1,0
"null","2018-05-09","null","null","null","Kris Bryant",592178,612672,"home_run","hit_into_play_score",,,,,"null","Kris Bryant homers (6) on a line drive to left center field.  ","R","R","L","CHC","MIA","X","null","line_drive",1,2,2018,"null","null","null","null","null","null","null",1,1,"Bot","59.28","53.54",,,592407,,"180509_183331","null","null","null","null","null","null","3.2451","1.4070","null","104.4","23.6990","null","null","null",529956,612672,592407,571506,516770,445988,500743,457727,621446,605119,"null","0.943","1.743","2.00",1,0,3,6,5,"4","",0,0,0,0,0,0,0,0
"SL","2018-05-08","87.7","-1.3084","6.1678","Kris Bryant",592178,570632,"field_out","hit_into_play",,,,,"14","Kris Bryant grounds out softly, third baseman Brian Anderson to first baseman Justin Bour.  ","R","R","R","CHC","MIA","X",5,"ground_ball",0,2,2018,"-0.0798","0.7935","1.0763","2.2447","null","null","null",1,3,"Bot","118.96","189.18",,,592663,,"180509_010238","5.8373","-127.5175","-4.9514","-1.8904","22.6258","-23.0141","3.2438","1.4057","14","57.9","-8.3270","86.9440","2179","5.5480",529941,570632,592663,571506,516770,605119,500743,518618,621446,457727,"54.9518","0.075","0.065","0.00",1,0,0,1,26,"3","Slider",2,3,2,3,3,2,2,3
"FT","2018-05-08","91.4","-1.7267","5.9799","Kris Bryant",592178,570632,"strikeout","swinging_strike",,,,,"13","Kris Bryant strikes out swinging.  ","R","R","R","CHC","MIA","S",2,"null",0,2,2018,"-1.3648","0.7706","-0.4820","1.0321","null","656941.00","null",1,1,"Bot","null","null",,,592663,,"180509_002600","6.1466","-132.8208","-8.2837","-17.6466","29.0914","-21.3582","3.2438","1.4057","null","null","null","91.8200","1862","6.6680",529941,570632,592663,571506,516770,605119,500743,518618,621446,457727,"53.8318","null","null","0.00",1,0,0,"null",10,"3","2-Seam Fastball",0,3,0,3,3,0,0,3
"FC","2018-05-07","87.6","-2.0408","5.5123","Kris Bryant",592178,543031,"single","hit_into_play_no_out",,,,,"6","Kris Bryant singles on a ground ball to shortstop Miguel Rojas.   Albert Almora Jr.   to 2nd.  ","R","R","R","CHC","MIA","X","null","ground_ball",1,1,2018,"0.4450","0.8550","0.6191","2.2168","null","null","546991.00",2,6,"Bot","93.09","145.33",,,592407,,"180508_015603","5.5106","-127.5588","-3.6421","3.8367","24.0411","-22.3196","3.2449","1.4068","138","70.4","13.0080","87.9470","2387","6.2830",529928,543031,592407,571506,516770,445988,500743,518618,457727,605119,"54.2170","0.386","0.374","0.90",1,1,0,2,51,"3","Cutter",9,1,9,1,1,9,9,1
"FF","2018-05-07","89.7","-2.0667","5.8022","Kris Bryant",592178,543031,"double","hit_into_play_no_out",,,,,"1","Kris Bryant doubles (10) on a ground ball to left fielder Derek Dietrich.  ","R","R","R","CHC","MIA","X","null","ground_ball",0,0,2018,"-0.6835","1.1263","-0.5590","2.9299","null","null","null",0,5,"Bot","55.04","121.99",,,592663,,"180508_013057","5.3072","-130.6918","-3.6674","-9.1408","25.9946","-18.2850","3.2449","1.4068","96","86.4","6.7080","91.4350","2237","7.1420",529928,543031,592663,571506,516770,445988,500743,518618,457727,605119,"53.3575","0.472","0.453","1.25",1,1,1,4,39,"1","4-Seam Fastball",7,1,7,1,1,7,7,1
"CH","2018-05-07","85.5","1.6042","6.1573","Kris Bryant",592178,606424,"strikeout","called_strike",,,,,"8","Kris Bryant called out on strikes.  ","R","R","L","CHC","MIA","S",2,"null",3,2,2018,"1.5702","0.5779","-0.1879","1.4074","546991.00","null","450314.00",0,3,"Bot","null","null",,,592663,,"180508_005324","-7.2576","-124.1437","-5.9742","17.4222","24.7624","-25.3416","3.2786","1.4942","null","null","null","84.6970","2332","5.8790",529928,606424,592663,571506,516770,445988,500743,518618,457727,605119,"54.6201","null","null","0.00",1,0,0,"null",22,"6","Changeup",2,0,2,0,0,2,2,0
"FF","2018-05-07","91.9","2.0209","6.1207","Kris Bryant",592178,606424,"home_run","hit_into_play_score",,,,,"2","Kris Bryant homers (5) on a fly ball to left field.   Ben Zobrist scores.  ","R","R","L","CHC","MIA","X","null","fly_ball",1,2,2018,"1.0010","1.2702","-0.2213","3.2180","null","null","450314.00",1,1,"Bot","18.74","72.18",,,592663,,"180508_001944","-7.6981","-133.4776","-4.1191","13.3703","29.0274","-16.6868","3.2449","1.4068","389","102.4","33.9990","90.7520","1949","5.7190",529928,606424,592663,571506,516770,445988,500743,518618,457727,605119,"54.7807","0.640","1.254","2.00",1,0,3,6,6,"4","4-Seam Fastball",0,0,0,0,0,0,0,0
"SL","2018-05-06","85.4","-1.9739","5.9530","Kris Bryant",592178,594577,"field_out","hit_into_play",,,,,"6","Kris Bryant grounds out, shortstop Paul DeJong to first baseman Jose Martinez.  ","R","R","R","STL","CHC","X",6,"ground_ball",3,1,2018,"0.3700","-0.0458","0.5942","2.4998","null","null","null",1,13,"Top","114.90","157.30",,,506747,,"180507_052208","5.2462","-124.2300","-1.7673","2.7556","23.2843","-32.5470","3.2757","1.4374","50","97.3","0.6340","84.4110","2240","5.5150",529913,594577,506747,500874,543939,576397,657557,542303,664056,451594,"54.9833","0.479","0.470","0.00",1,0,0,4,97,"5","Slider",2,2,2,2,2,2,2,2
"FF","2018-05-06","94.7","-2.0943","5.5827","Kris Bryant",592178,592815,"strikeout","called_strike",,,,,"7","Kris Bryant called out on strikes.  ","R","R","R","STL","CHC","S",2,"null",1,2,2018,"-1.4183","0.9001","-0.7890","2.1333","null","null","null",0,11,"Top","null","null",,,506747,,"180507_044302","6.5378","-137.6075","-5.2905","-19.3837","31.0361","-19.8408","3.2737","1.6321","null","null","null","94.3780","2144","6.2160",529913,592815,506747,500874,543939,576397,657557,542303,664056,451594,"54.2828","null","null","0.00",1,0,0,"null",82,"5","4-Seam Fastball",2,2,2,2,2,2,2,2
"SI","2018-05-06","99.5","-1.7195","6.1016","Kris Bryant",592178,663855,"field_out","hit_into_play",,,,,"11","Kris Bryant grounds out, shortstop Paul DeJong to first baseman Jose Martinez.  ","R","R","R","STL","CHC","X",6,"ground_ball",2,0,2018,"-1.2007","0.6945","-0.9750","2.7060","null","656941.00","null",0,8,"Top","109.82","155.78",,,506747,,"180507_034315","4.9354","-144.9098","-5.6434","-18.2828","32.1534","-21.1663","3.2758","1.4375","44","82.6","0.7680","100.5470","2156","6.7040",529913,663855,506747,500874,543939,576397,657557,542303,664056,451594,"53.7945","0.300","0.275","0.00",1,0,0,2,61,"3","Sinker",2,2,2,2,2,2,2,2
"CU","2018-05-06","76.2","-0.9464","6.4908","Kris Bryant",592178,608379,"force_out","hit_into_play",,,,,"5","Kris Bryant grounds into a force out, shortstop Paul DeJong to second baseman Kolten Wong.   Jon Lester out at 2nd.  ","R","R","R","STL","CHC","X",6,"ground_ball",2,2,2018,"0.7416","-1.2881","0.1953","2.4983","null","null","452657.00",2,5,"Top","106.26","151.71",,,506747,,"180507_023828","1.0504","-111.1087","1.0731","6.0320","21.3467","-43.4057","3.2758","1.4375","78","99.3","4.0230","77.0400","2177","6.9430",529913,608379,506747,500874,543939,576397,657557,542303,664056,451594,"53.5556","0.538","0.514","0.00",1,0,0,4,40,"6","Curveball",1,2,2,1,2,1,2,1
"FF","2018-05-06","93.6","-0.8196","6.6869","Kris Bryant",592178,608379,"home_run","hit_into_play_score",,,,,"11","Kris Bryant homers (4) on a fly ball to left field.  ","R","R","R","STL","CHC","X","null","fly_ball",1,0,2018,"-0.6162","1.4875","-1.0431","2.3750","null","null","null",0,4,"Top","null","null",,,506747,,"180507_020717","0.8005","-136.2699","-8.8044","-7.9586","27.4479","-11.7604","3.2758","1.4375","433","109.1","32.8180","94.5410","1942","6.6240",529913,608379,506747,500874,543939,576397,657557,542303,664056,451594,"53.8744","0.911","1.850","2.00",1,0,3,6,25,"2","4-Seam Fastball",1,1,1,1,1,1,1,1
"CH","2018-05-06","88.6","-0.7683","6.4935","Kris Bryant",592178,608379,"strikeout","swinging_strike_blocked",,,,,"13","Kris Bryant strikes out swinging.  ","R","R","R","STL","CHC","S",2,"null",0,2,2018,"-0.9421","0.7884","-0.4362","0.3836","575929.00","656941.00","null",0,1,"Top","null","null",,,506747,,"180507_001236","2.8790","-128.8393","-10.7487","-11.3992","24.5621","-21.2048","3.2756","1.4373","null","null","null","90.2270","1728","7.1350",529913,608379,506747,500874,543939,576397,657557,542303,664056,451594,"53.3632","null","null","0.00",1,0,0,"null",3,"3","Changeup",0,0,0,0,0,0,0,0
"FT","2018-05-05","101.9","-1.7513","5.8900","Kris Bryant",592178,663855,"double","hit_into_play_no_out",,,,,"5","Kris Bryant doubles (9) on a line drive to left fielder Marcell Ozuna.  ","R","R","R","STL","CHC","X","null","line_drive",3,2,2018,"-1.1374","0.6129","-0.2451","2.6776","null","null","null",0,9,"Top","32.61","104.47",,,506747,,"180505_211419","6.9816","-148.2308","-5.2692","-18.4462","32.8240","-22.0959","3.2741","1.4358","192","97.2","11.8180","102.4250","2100","6.4250",529897,663855,506747,500874,543939,572761,657557,542303,664056,451594,"54.0737","0.906","0.861","1.25",1,1,1,4,74,"7","2-Seam Fastball",4,6,6,4,6,4,6,4
"FT","2018-05-05","91.7","-0.5899","6.3340","Kris Bryant",592178,621199,"field_out","hit_into_play",,,,,"1","Kris Bryant grounds out, third baseman Matt Carpenter to first baseman Jose Martinez.  ","R","R","R","STL","CHC","X",5,"ground_ball",1,0,2018,"-1.4794","0.4468","-0.7164","2.7087","null","null","null",0,7,"Top","108.80","169.49",,,425877,,"180505_203248","2.7726","-133.5020","-4.2674","-17.9796","26.1725","-26.2957","3.1909","1.3524","64","75.5","4.5100","91.1820","1809","5.7480",529897,621199,425877,500874,543939,572761,657557,542303,664056,451594,"54.7505","0.252","0.207","0.00",1,0,0,2,59,"2","2-Seam Fastball",4,5,5,4,5,4,5,4
"FF","2018-05-05","95.8","-1.2732","5.6124","Kris Bryant",592178,596133,"field_out","hit_into_play",,,,,"12","Kris Bryant pops out to first baseman Jose Martinez in foul territory.  ","R","R","R","STL","CHC","X",3,"popup",1,2,2018,"-0.3038","1.4522","0.4602","3.7405","null","null","null",2,4,"Top","153.50","192.35",,,425877,,"180505_193619","5.2284","-139.4782","-2.6065","-5.0223","28.8572","-13.0092","3.3874","1.5491","null","80.0","69.0000","95.6800","2437","6.0100",529897,596133,425877,500874,543939,572761,657557,542303,664056,451594,"54.4884","0.000","0.000","0.00",1,0,0,3,34,"4","4-Seam Fastball",0,4,4,0,4,0,4,0
"FF","2018-05-05","92.5","-1.3176","5.5796","Kris Bryant",592178,596133,"field_out","hit_into_play",,,,,"4","Kris Bryant pops out to second baseman Kolten Wong.  ","R","R","R","STL","CHC","X",4,"popup",1,1,2018,"-1.3036","1.0872","-0.8150","2.6705","null","543022.00","450314.00",1,2,"Top","116.63","103.78",,,425877,,"180505_185935","4.0426","-134.4549","-3.8795","-16.4340","30.1832","-18.6005","3.2664","1.4279","229","79.7","50.6600","91.6310","2133","5.9050",529897,596133,425877,500874,543939,572761,657557,542303,502054,451594,"54.5936","0.027","0.030","0.00",1,0,0,3,16,"3","4-Seam Fastball",0,3,3,0,3,0,3,0
"CH","2018-05-05","85.8","-1.4070","5.4043","Kris Bryant",592178,596133,"field_out","hit_into_play",,,,,"3","Kris Bryant lines out sharply to center fielder Tommy Pham.  ","R","R","R","STL","CHC","X",8,"line_drive",3,2,2018,"-0.8787","0.9673","0.4291","2.8993","null","null","450314.00",0,1,"Top","102.71","37.95",,,425877,,"180505_181933","6.0814","-124.8172","-1.5926","-10.3340","25.1863","-22.0548","3.2741","1.4358","382","101.5","23.3070","85.5020","1553","6.1170",529897,596133,425877,500874,543939,572761,657557,542303,502054,451594,"54.3814","0.827","1.368","0.00",1,0,0,6,2,"6","Changeup",0,0,0,0,0,0,0,0
"FF","2018-05-04","94.7","-1.2556","6.1261","Kris Bryant",592178,502032,"force_out","hit_into_play",,,,,"11","Kris Bryant grounds into a force out, third baseman Jedd Gyorko to second baseman Kolten Wong.   Ben Zobrist out at 2nd.  ","R","R","R","STL","CHC","X",5,"ground_ball",0,2,2018,"-0.9614","1.2835","-1.1237","2.6348","null","null","450314.00",2,9,"Top","94.72","168.41",,,425877,,"180505_031442","2.4858","-137.8985","-6.3404","-12.8151","28.9305","-14.6365","3.1406","1.6037","55","63.9","4.7770","95.0040","2378","6.3000",529882,502032,425877,572761,543939,576397,657557,542303,502054,451594,"54.1983","0.136","0.128","0.00",1,0,0,2,74,"3","4-Seam Fastball",3,2,2,3,2,3,2,3
"FF","2018-05-04","94.2","-2.4469","6.5111","Kris Bryant",592178,571945,"double","hit_into_play_no_out",,,,,"14","Kris Bryant doubles (8) on a line drive to right fielder Dexter Fowler.  ","R","R","R","STL","CHC","X","null","line_drive",0,2,2018,"-0.5544","1.3757","0.8738","2.2099","null","null","null",0,8,"Top","196.17","110.57",,,425877,,"180505_023739","9.7337","-136.5470","-8.3475","-8.9775","29.9914","-13.6017","3.2742","1.4359","212","94.4","12.9230","93.2790","2319","5.9520",529882,571945,425877,572761,543939,576397,657557,542303,502054,451594,"54.5463","0.925","0.900","1.25",1,1,1,4,62,"3","4-Seam Fastball",3,0,0,3,0,3,0,3
"FT","2018-05-04","95.0","-1.9428","6.5942","Kris Bryant",592178,571945,"field_out","hit_into_play",,,,,"11","Kris Bryant grounds out, third baseman Jedd Gyorko to first baseman Jose Martinez.  ","R","R","R","STL","CHC","X",5,"ground_ball",0,0,2018,"-1.1312","1.1698","-0.8928","2.6698","595879.00","664023.00","null",2,5,"Top","102.18","164.56",,,425877,,"180505_014823","5.3108","-138.1880","-7.2706","-15.7378","30.7535","-15.7115","3.2742","1.4359","17","62.3","-7.9030","95.2970","2363","6.4780",529882,571945,425877,500874,572761,576397,657557,542303,502054,451594,"54.0203","0.075","0.055","0.00",1,0,0,2,40,"1","2-Seam Fastball",3,0,0,3,0,3,0,3
"CU","2018-05-04","78.9","-2.0646","6.4933","Kris Bryant",592178,571945,"field_out","hit_into_play",,,,,"8","Kris Bryant lines out to third baseman Jedd Gyorko.  ","R","R","R","STL","CHC","X",5,"line_drive",1,2,2018,"0.8458","-1.3616","-0.1741","1.8213","null","null","null",2,3,"Top","96.19","164.79",,,425877,,"180505_010739","2.5409","-114.7321","-0.7401","6.7427","24.4515","-44.0126","3.2742","1.4359","156","97.9","11.0770","77.8880","2702","5.9570",529882,571945,425877,500874,572761,576397,657557,542303,502054,451594,"54.5419","0.888","0.867","0.00",1,0,0,4,22,"6","Curveball",3,0,0,3,0,3,0,3
"SL","2018-05-04","86.9","-2.2519","6.3930","Kris Bryant",592178,571945,"strikeout","swinging_strike",,,,,"2","Kris Bryant strikes out swinging.  ","R","R","R","STL","CHC","S",2,"null",3,2,2018,"0.3732","0.1769","0.0222","3.2043","null","null","450314.00",0,1,"Top","null","null",,,425877,,"180505_001955","4.6562","-126.3825","-1.7703","2.9330","26.7996","-30.1895","3.2953","1.4570","null","null","null","86.0470","2363","5.8630",529882,571945,425877,500874,572761,576397,657557,542303,502054,451594,"54.6351","null","null","0.00",1,0,0,"null",2,"7","Slider",0,0,0,0,0,0,0,0
"CH","2018-05-02","80.0","1.9292","6.2138","Kris Bryant",592178,643466,"field_out","hit_into_play",,,,,"14","Kris Bryant flies out to center fielder Charlie Blackmon.   Javier Baez to 3rd.  ","R","R","L","CHC","COL","X",8,"fly_ball",1,1,2018,"0.6496","0.4222","0.8485","2.3404","null","595879.00","null",0,9,"Bot","134.57","34.53",,,455104,,"180502_212131","-3.5628","-116.3957","-2.6234","6.4760","20.8356","-28.1353","3.5750","1.6810","387","96.5","35.2930","79.6250","1525","5.9350",529859,643466,455104,642162,593495,571448,596115,621311,453568,571595,"54.5659","0.202","0.358","0.00",1,0,0,3,78,"3","Changeup",2,11,2,11,11,2,2,11
"FT","2018-05-02","91.2","2.1510","6.1376","Kris Bryant",592178,542881,"home_run","hit_into_play_score",,,,,"7","Kris Bryant homers (3) on a fly ball to left center field.  ","R","R","L","CHC","COL","X","null","fly_ball",1,0,2018,"1.5373","1.0496","-0.3728","1.7004","null","null","null",2,6,"Bot","58.80","62.51",,,455104,,"180502_202214","-9.5518","-132.3258","-7.4235","19.9258","27.8542","-18.6046","3.5750","1.6810","359","95.4","36.3230","90.6680","2192","6.0970",529859,542881,455104,642162,593495,571448,596115,467827,453568,621311,"54.4040","0.127","0.269","2.00",1,0,3,3,52,"2","2-Seam Fastball",1,6,1,6,6,1,1,6
"FF","2018-05-02","91.5","1.7711","6.4770","Kris Bryant",592178,542881,"strikeout","called_strike",,,,,"8","Kris Bryant called out on strikes.  ","R","R","L","CHC","COL","S",2,"null",1,2,2018,"0.5279","1.3221","0.1135","1.8064","null","null","null",0,4,"Bot","null","null",,,455104,,"180502_193657","-5.2500","-133.0755","-8.7188","7.1779","23.6627","-15.1846","3.5750","1.6810","null","null","null","91.3810","2192","5.8680",529859,542881,455104,642162,593495,571448,596115,467827,453568,621311,"54.6326","null","null","0.00",1,0,0,"null",33,"4","4-Seam Fastball",0,4,0,4,4,0,0,4
"FF","2018-05-02","92.0","1.7450","6.3304","Kris Bryant",592178,542881,"field_out","hit_into_play",,,,,"11","Kris Bryant lines out to left fielder Gerardo Parra.  ","R","R","L","CHC","COL","X",7,"line_drive",3,2,2018,"0.3370","1.3842","-0.9607","2.8400","null","null","595879.00",1,1,"Bot","81.20","116.90",,,455104,,"180502_183758","-7.5732","-133.8205","-6.0230","5.5564","26.5579","-14.5360","3.5750","1.6810","307","74.5","31.4430","92.1370","2290","6.2150",529859,542881,455104,642162,593495,571448,596115,467827,453568,621311,"54.2857","0.270","0.255","0.00",1,0,0,3,9,"6","4-Seam Fastball",0,2,0,2,2,0,0,2
"FT","2018-05-01","90.1","-2.2038","6.1308","Kris Bryant",592178,451584,"strikeout","swinging_strike",,,,,"1","Kris Bryant strikes out swinging.  ","R","R","R","CHC","COL","S",2,"null",1,2,2018,"-1.4237","0.5747","-0.4902","2.9438","null","null","null",0,9,"Bot","null","null",,,547172,,"180502_022406","7.2590","-131.1094","-3.2365","-17.8617","24.2325","-25.0980","3.2435","1.4053","null","null","null","90.5210","1944","6.2670",529844,451584,547172,435622,593495,571448,596115,621311,453568,471865,"54.2336","null","null","0.00",1,0,0,"null",61,"4","2-Seam Fastball",1,3,1,3,3,1,1,3
"FF","2018-05-01","95.0","-2.1629","5.7938","Kris Bryant",592178,592351,"strikeout","swinging_strike",,,,,"5","Kris Bryant strikes out swinging.  ","R","R","R","CHC","COL","S",2,"null",3,2,2018,"-0.8510","1.4359","0.1245","2.5035","null","null","null",1,6,"Bot","null","null",,,547172,,"180502_013537","7.9140","-137.9967","-6.1511","-12.7146","32.1614","-12.6171","3.2436","1.4054","null","null","null","null","1967","6.4573",529844,592351,547172,435622,593495,571448,596115,621311,453568,471865,"54.0441","null","null","0.00",1,0,0,"null",42,"6","4-Seam Fastball",1,3,1,3,3,1,1,3
"FF","2018-05-01","94.8","-2.1429","5.8804","Kris Bryant",592178,592351,"single","hit_into_play_no_out",,,,,"5","Kris Bryant singles on a ground ball to left fielder David Dahl.  ","R","R","R","CHC","COL","X","null","ground_ball",0,0,2018,"-1.1092","1.0091","-0.0261","2.3527","null","null","null",0,4,"Bot","85.93","119.57",,,547172,,"180502_005634","8.0638","-137.8546","-5.8494","-16.0208","30.0438","-18.1223","3.2435","1.4053","77","109.6","2.4150","95.2810","2017","6.5630",529844,592351,547172,435622,593495,571448,596115,621311,453568,471865,"53.9380","0.575","0.544","0.90",1,1,0,4,26,"1","4-Seam Fastball",1,3,1,3,3,1,1,3
"FF","2018-05-01","96.0","-2.3656","5.9706","Kris Bryant",592178,592351,"field_out","hit_into_play",,,,,"12","Kris Bryant flies out to right fielder Carlos Gonzalez.  ","R","R","R","CHC","COL","X",9,"fly_ball",1,2,2018,"-0.6315","1.1949","1.3836","2.6134","null","null","null",0,1,"Bot","188.39","68.71",,,547172,,"180502_001917","11.3099","-139.3213","-5.9521","-10.6722","30.1913","-15.5391","3.2436","1.4054","339","89.6","26.0990","95.8520","2042","6.2740",529844,592351,547172,435622,593495,571448,596115,621311,453568,471865,"54.2270","0.104","0.124","0.00",1,0,0,3,7,"4","4-Seam Fastball",1,2,1,2,2,1,1,2
"FF","2018-04-30","91.8","1.6367","5.7998","Kris Bryant",592178,607536,"triple","hit_into_play_no_out",,,,,"11","Kris Bryant triples (2) on a fly ball to left fielder Gerardo Parra.  ","R","R","L","CHC","COL","X","null","fly_ball",0,0,2018,"0.5844","1.2354","-0.9784","2.7675","null","null","null",0,6,"Bot","41.47","69.52",,,455104,,"180501_010708","-7.9490","-133.5541","-4.5577","8.7584","28.2654","-16.4471","3.2434","1.4052","362","93.7","30.4470","92.4610","2392","6.6580",529830,607536,455104,435622,642162,571448,596115,467827,453568,571595,"53.8427","0.256","0.452","1.60",1,1,2,3,49,"1","4-Seam Fastball",2,2,2,2,2,2,2,2
"CH","2018-04-30","87.7","2.0811","5.5140","Kris Bryant",592178,607536,"field_out","hit_into_play",,,,,"14","Kris Bryant grounds out, shortstop Trevor Story to first baseman Ian Desmond.  ","R","R","L","CHC","COL","X",6,"ground_ball",1,2,2018,"1.1455","0.3758","0.9401","2.0046","null","null","null",0,4,"Bot","110.76","153.48",,,455104,,"180501_001203","-5.1088","-127.6835","-3.1678","13.5185","24.8350","-27.6579","3.2434","1.4052","5","83.1","-20.2050","87.8460","1426","6.2300",529830,607536,455104,435622,642162,571448,596115,467827,453568,571595,"54.2711","0.084","0.087","0.00",1,0,0,2,27,"6","Changeup",1,0,1,0,0,1,1,0
"FF","2018-04-30","91.5","1.6700","5.7975","Kris Bryant",592178,607536,"field_out","hit_into_play",,,,,"1","Kris Bryant pops out to second baseman Pat Valaika.  ","R","R","L","CHC","COL","X",4,"popup",1,1,2018,"0.5077","1.2512","-0.5506","2.8883","null","null","546991.00",1,1,"Bot","113.79","134.10",,,455104,,"180430_232337","-6.7558","-133.1444","-4.2327","7.5337","28.0153","-16.4132","3.2434","1.4053","135","98.1","68.5790","92.2020","2266","6.6670",529830,607536,455104,435622,642162,571448,596115,467827,453568,571595,"53.8342","0.013","0.015","0.00",1,0,0,3,8,"3","4-Seam Fastball",0,0,0,0,0,0,0,0
"FF","2018-04-29","96.5","-2.2529","4.9491","Kris Bryant",592178,592865,"strikeout","called_strike",,,,,"9","Kris Bryant called out on strikes.  ","R","R","R","CHC","MIL","S",2,"null",1,2,2018,"-0.5284","1.0726","0.5527","1.7730","null","null","null",0,8,"Bot","null","null",,,444489,,"180429_204611","8.5215","-140.0997","-5.1935","-8.6732","30.3809","-17.4300","3.2755","1.5391","null","null","null","95.4400","2475","5.7150",529822,592865,444489,542583,542340,543768,606115,460075,456715,592885,"54.7856","null","null","0.00",1,0,0,"null",58,"4","4-Seam Fastball",2,0,2,0,0,2,2,0
"FT","2018-04-29","88.6","-2.0813","5.5532","Kris Bryant",592178,605200,"field_out","hit_into_play",,,,,"11","Kris Bryant grounds out, third baseman Travis Shaw to first baseman Jesus Aguilar.  ","R","R","R","CHC","MIL","X",5,"ground_ball",0,2,2018,"-1.4979","0.6975","-0.9262","2.6550","null","null","null",0,6,"Bot","107.13","172.26",,,542908,,"180429_200111","5.9586","-128.9700","-2.5083","-17.9636","25.4452","-24.0650","3.2392","1.4008","22","73.7","-3.8830","88.9460","2011","6.3720",529822,605200,542908,542583,542340,543768,606115,460075,456715,592885,"54.1288","0.111","0.123","0.00",1,0,0,2,42,"3","2-Seam Fastball",1,0,1,0,0,1,1,0
"CU","2018-04-29","74.6","-2.0715","5.6861","Kris Bryant",592178,605200,"field_out","hit_into_play",,,,,"9","Kris Bryant pops out to first baseman Jesus Aguilar.  ","R","R","R","CHC","MIL","X",3,"popup",3,2,2018,"0.9651","-1.2977","0.8250","1.6965","null","null","null",2,3,"Bot","146.78","124.83",,,542908,,"180429_192059","4.2410","-108.3349","1.2346","6.5980","19.6359","-42.5696","3.2393","1.4008","185","83.3","57.9980","73.3340","2657","5.5360",529822,605200,542908,542583,542340,543768,606115,460075,456715,592885,"54.9653","0.025","0.030","0.00",1,0,0,3,24,"6","Curveball",0,0,0,0,0,0,0,0
"FT","2018-04-29","90.9","-2.0235","5.5066","Kris Bryant",592178,605200,"field_out","hit_into_play",,,,,"14","Kris Bryant grounds out, second baseman Jonathan Villar to first baseman Jesus Aguilar.  ","R","R","R","CHC","MIL","X",4,"ground_ball",3,2,2018,"-1.4579","0.9577","0.8877","2.1465","null","null","null",2,1,"Bot","121.06","147.43",,,542908,,"180429_184022","10.4260","-131.9081","-4.5287","-19.2890","28.2438","-20.2123","3.2392","1.4007","63","97.3","2.2390","90.8630","2166","6.4360",529822,605200,542908,542583,542340,543768,606115,460075,456715,592885,"54.0650","0.490","0.457","0.00",1,0,0,4,7,"6","2-Seam Fastball",0,0,0,0,0,0,0,0
"FF","2018-04-28","93.0","-0.6099","6.3881","Kris Bryant",592178,543118,"field_out","hit_into_play",,,,,"1","Kris Bryant grounds out, third baseman Hernan Perez to first baseman Ryan Braun.  ","R","R","R","CHC","MIL","X",5,"ground_ball",3,2,2018,"-0.5007","1.3594","-0.6938","2.9886","null","600303.00","null",2,7,"Bot","107.73","175.29",,,444489,,"180428_203316","0.9271","-135.6066","-6.1289","-6.5403","28.9888","-13.8176","3.2390","1.4006","21","63.5","-6.1810","94.6030","2085","7.0640",529807,543118,444489,460075,542340,541650,606115,592885,456715,570267,"53.4367","0.061","0.072","0.00",1,0,0,2,54,"7","4-Seam Fastball",3,0,3,0,0,3,3,0
"FT","2018-04-28","92.9","-1.7848","5.7613","Kris Bryant",592178,448855,"field_out","hit_into_play",,,,,"12","Kris Bryant pops out to first baseman Ryan Braun in foul territory.  ","R","R","R","CHC","MIL","X",3,"popup",0,2,2018,"-0.7887","1.5068","0.5517","3.4215","null","null","null",0,6,"Bot","161.03","180.74",,,444489,,"180428_200303","7.9225","-135.2358","-3.6726","-11.7567","30.5882","-12.4785","3.2288","1.3903","128","91.0","65.6660","94.4830","2418","7.2780",529807,448855,444489,460075,542340,541650,606115,592885,456715,570267,"53.2226","0.018","0.024","0.00",1,0,0,3,41,"3","2-Seam Fastball",1,0,1,0,0,1,1,0
"SL","2018-04-28","83.9","-1.5836","5.9683","Kris Bryant",592178,448855,"strikeout","foul_tip",,,,,"8","Kris Bryant strikes out on a foul tip.  ","R","R","R","CHC","MIL","S",2,"null",3,2,2018,"0.6019","0.1283","0.1529","1.8131","595879.00","null","null",2,3,"Bot","null","null",,,444489,,"180428_191316","2.8276","-122.1595","-3.4419","5.3804","24.4038","-30.4555","3.2391","1.4006","null","null","null","83.4600","2300","5.9990",529807,448855,444489,460075,542340,541650,606115,592885,456715,570267,"54.5022","null","null","0.00",1,0,0,"null",21,"8","Slider",1,0,1,0,0,1,1,0
"FT","2018-04-21","93.6","-2.4743","5.5815","Kris Bryant",592178,493603,"field_out","hit_into_play",,,,,"12","Kris Bryant grounds out, second baseman DJ LeMahieu to first baseman Ryan McMahon.  ","R","R","R","COL","CHC","X",4,"ground_ball",2,2,2018,"-0.9873","0.7153","0.9214","3.0039","null","null","null",2,8,"Top","122.82","143.97",,,547172,,"180422_030127","11.1065","-136.1251","-2.5982","-14.7862","26.5183","-22.6873","3.3816","1.5181","6","89.3","-24.9520","95.0550","2330","6.9160",529707,493603,547172,641857,518934,571448,596115,643565,453568,467827,"53.5861","0.106","0.091","0.00",1,0,0,2,64,"5","2-Seam Fastball",5,2,2,5,2,5,2,5
"CH","2018-04-21","75.5","1.4831","6.7231","Kris Bryant",592178,542881,"strikeout","swinging_strike",,,,,"14","Kris Bryant strikes out swinging.  ","R","R","L","COL","CHC","S",2,"null",1,2,2018,"1.0171","0.5868","1.0790","1.1005","null","null","null",2,5,"Top","null","null",,,547172,,"180422_014204","-2.5908","-109.8697","-5.6789","8.5769","16.2753","-26.8069","3.3394","1.5523","null","null","null","75.4110","1741","5.8600",529707,542881,547172,641857,518934,571448,596115,643565,453568,467827,"54.6417","null","null","0.00",1,0,0,"null",35,"4","Changeup",0,2,2,0,2,0,2,0
"FF","2018-04-21","90.3","1.7105","6.3886","Kris Bryant",592178,542881,"field_out","hit_into_play",,,,,"7","Kris Bryant flies out to center fielder Charlie Blackmon.   Albert Almora Jr.   to 3rd.    Javier Baez to 2nd.  ","R","R","L","COL","CHC","X",8,"fly_ball",0,1,2018,"0.3699","1.4492","-0.6273","1.9286","null","546991.00","595879.00",0,1,"Top","114.42","60.49",,,547172,,"180422_001710","-6.5072","-131.1878","-8.1193","5.4218","24.2298","-14.3589","3.3306","1.4672","328","91.1","41.0210","89.7170","2161","5.7400",529707,542881,547172,641857,518934,571448,596115,643565,453568,467827,"54.7614","0.006","0.007","0.00",1,0,0,3,3,"2","4-Seam Fastball",0,0,0,0,0,0,0,0
"FF","2018-04-20","93.3","-1.4207","6.1956","Kris Bryant",592178,622608,"single","hit_into_play_score",,,,,"1","Kris Bryant singles on a ground ball to third baseman Nolan Arenado.   Albert Almora scores.  ","R","R","R","COL","CHC","X","null","ground_ball",1,2,2018,"-0.2787","0.9806","-0.5523","3.1989","546991.00","null","null",1,9,"Top","99.80","170.62",,,455104,,"180421_035515","2.8596","-135.9667","-4.2204","-4.0419","25.5333","-19.2285","3.2791","1.4412","3","65.3","-51.9730","94.2570","2093","6.4520",529692,622608,455104,641857,518934,571448,596115,435622,643565,467827,"54.0497","0.145","0.118","0.90",1,1,0,2,82,"4","4-Seam Fastball",4,15,15,4,15,4,15,4
"SL","2018-04-20","83.4","-1.8521","6.0196","Kris Bryant",592178,622608,"field_out","hit_into_play",,,,,"14","Kris Bryant grounds out, shortstop Trevor Story to first baseman Ryan McMahon.  ","R","R","R","COL","CHC","X",6,"ground_ball",1,2,2018,"0.5651","-0.2717","0.8403","1.7157","null","null","null",1,8,"Top","104.65","151.24",,,455104,,"180421_032546","5.0577","-121.3709","-2.9971","4.6825","20.4195","-34.5395","3.2791","1.4412","86","93.0","4.6650","83.1330","null","5.7980",529692,622608,455104,641857,518934,571448,596115,435622,453568,467827,"54.7043","0.550","0.539","0.00",1,0,0,4,68,"4","Slider",4,12,12,4,12,4,12,4
"FC","2018-04-20","93.8","-2.9787","5.9928","Kris Bryant",592178,543766,"double","hit_into_play_no_out",,,,,"8","Kris Bryant doubles (7) on a sharp line drive to center fielder Charlie Blackmon.   Javier Baez to 3rd.  ","R","R","R","COL","CHC","X","null","line_drive",0,0,2018,"0.4181","0.4633","0.0330","1.9404","null","null","595879.00",0,6,"Top","139.75","34.10",,,455104,,"180421_024510","6.7985","-136.5130","-5.7857","3.9856","23.6204","-25.6551","3.2791","1.4412","389","108.5","19.4770","93.3520","2341","5.5460",529692,543766,455104,641857,518934,571448,596115,435622,453568,467827,"54.9554","0.856","1.363","1.25",1,1,1,6,51,"1","Cutter",3,9,9,3,9,3,9,3
"FF","2018-04-20","96.7","-2.1777","5.5185","Kris Bryant",592178,592351,"fielders_choice","hit_into_play_no_out",,,,,"6","Cubs challenged (tag play), call on the field was overturned: Kris Bryant reaches on a fielder's choice, fielded by shortstop Trevor Story.   Javier Baez to 3rd.  ","R","R","R","COL","CHC","X","null","ground_ball",3,2,2018,"-0.6698","1.0785","0.5817","2.1188","null","595879.00","null",1,5,"Top","109.49","152.45",,,455104,,"180421_021106","8.9166","-140.6709","-6.0988","-10.6652","25.0198","-16.6312","3.2791","1.4412","8","98.0","-14.7300","97.8830","2012","6.4980",529692,592351,455104,641857,518934,571448,596115,435622,453568,467827,"54.0037","0.177","0.170","0.00",1,0,0,2,38,"6","4-Seam Fastball",3,3,3,3,3,3,3,3
"CU","2018-04-20","81.2","-1.8923","5.9117","Kris Bryant",592178,592351,"strikeout","swinging_strike_blocked",,,,,"14","Kris Bryant strikes out swinging, catcher Chris Iannetta to first baseman Ryan McMahon.  ","R","R","R","COL","CHC","S",2,"null",1,2,2018,"0.7137","-0.7513","1.4736","0.8343","null","null","null",0,1,"Top","null","null",,,455104,,"180421_004513","6.1678","-118.1780","-3.4179","5.7271","19.0371","-38.8872","3.2791","1.4412","null","null","null","81.5470","2677","6.1740",529692,592351,455104,641857,518934,571448,596115,435622,453568,467827,"54.3276","null","null","0.00",1,0,0,"null",3,"4","Curveball",0,2,2,0,2,0,2,0
"FF","2018-04-19","94.1","-2.3640","6.0919","Kris Bryant",592178,608678,"field_out","hit_into_play",,,,,"12","Kris Bryant flies out to right fielder Dexter Fowler.  ","R","R","R","CHC","STL","X",9,"fly_ball",1,1,2018,"-0.7287","1.5919","0.1165","3.3701","null","null","null",0,8,"Bot","170.12","121.99",,,506747,,"180419_211843","8.0639","-136.6627","-4.8276","-11.0308","32.8150","-11.3740","3.1619","1.3237","264","98.7","51.1190","93.8270","2239","6.4420",529680,608678,506747,500874,543939,576397,657557,542303,664056,451594,"54.0592","0.006","0.003","0.00",1,0,0,3,74,"3","4-Seam Fastball",8,5,8,5,5,8,8,5
"CH","2018-04-19","86.1","-1.5408","5.4191","Kris Bryant",592178,596133,"field_out","hit_into_play",,,,,"11","Kris Bryant grounds out, third baseman Jedd Gyorko to first baseman Jose Martinez.  ","R","R","R","CHC","STL","X",5,"ground_ball",0,0,2018,"-0.8719","0.3698","-0.9360","2.8423","null","null","null",1,4,"Bot","105.31","168.02",,,425877,,"180419_193940","3.1510","-125.2364","-0.6041","-9.6707","25.4724","-28.4605","3.2404","1.4021","4","49.7","-32.5030","85.4530","1697","5.9120",529680,596133,425877,500874,572761,576397,657557,542303,664056,451594,"54.5888","0.106","0.091","0.00",1,0,0,1,35,"1","Changeup",6,1,6,1,1,6,6,1
"CH","2018-04-19","86.9","-1.3827","5.3698","Kris Bryant",592178,596133,"single","hit_into_play_score",,,,,"8","Kris Bryant singles on a ground ball to center fielder Harrison Bader, deflected by third baseman Jedd Gyorko.   Javier Baez scores.  ","R","R","R","CHC","STL","X",5,"ground_ball",2,2,2018,"-0.8405","0.5114","-0.1554","1.4084","595879.00","null","null",1,1,"Bot","118.03","109.87",,,425877,,"180419_183621","4.5421","-126.2898","-4.2776","-9.6681","24.6482","-26.2397","3.2404","1.4021","80","97.7","4.0740","85.8280","1529","5.5790",529680,596133,425877,500874,572761,576397,657557,542303,664056,451594,"54.9217","0.518","0.483","0.90",1,1,0,4,7,"5","Changeup",0,1,0,1,1,0,0,1
"SL","2018-04-17","85.6","-1.6323","6.1655","Kris Bryant",592178,502032,"strikeout","swinging_strike",,,,,"14","Kris Bryant strikes out swinging.  ","R","R","R","CHC","STL","S",2,"null",0,2,2018,"0.5255","-0.3483","1.1543","1.0851","null","null","null",0,9,"Bot","null","null",,,425877,,"180418_033227","5.4505","-124.2484","-4.8731","4.0721","26.8603","-34.8801","3.1539","1.3972","null","null","null","83.8800","2734","5.4780",529666,502032,425877,500874,594824,576397,657557,542303,502054,451594,"55.0226","null","null","0.00",1,0,0,"null",82,"3","Slider",3,5,3,5,5,3,3,5
"SI","2018-04-17","101.7","-1.7406","6.1122","Kris Bryant",592178,663855,"field_out","hit_into_play",,,,,"2","Kris Bryant flies out to center fielder Tommy Pham.  ","R","R","R","CHC","STL","X",8,"fly_ball",0,2,2018,"-1.1024","0.9016","0.0788","2.9628","null","null","null",0,7,"Bot","153.76","72.93",,,425877,,"180418_023345","7.6775","-147.7599","-5.6452","-17.8323","35.0313","-17.9661","3.3449","1.5273","299","87.2","26.1540","101.2230","2374","6.1050",529666,663855,425877,500874,572761,594824,657557,542303,502054,451594,"54.3956","0.111","0.140","0.00",1,0,0,3,61,"3","Sinker",1,2,1,2,2,1,1,2
"SI","2018-04-17","90.7","-1.5330","5.8340","Kris Bryant",592178,425794,"force_out","hit_into_play",,,,,"4","Kris Bryant grounds into a force out, fielded by third baseman Greg Garcia.   Jason Heyward out at 3rd.  ","R","R","R","CHC","STL","X",5,"ground_ball",2,0,2018,"-1.3873","0.7643","-0.2848","2.4804","null","518792.00","664023.00",2,4,"Bot","104.70","173.47",,,425877,,"180418_021600","6.2848","-132.0316","-4.1495","-18.0227","31.2878","-22.2742","3.2116","1.4141","7","84.3","-19.4980","91.7360","2100","7.1520",529666,425794,425877,500874,572761,594824,657557,542303,502054,451594,"53.3492","0.106","0.080","0.00",1,0,0,2,38,"3","Sinker",1,2,1,2,2,1,1,2
"FF","2018-04-17","90.7","-1.4655","5.9685","Kris Bryant",592178,425794,"strikeout","swinging_strike",,,,,"14","Kris Bryant strikes out swinging.  ","R","R","R","CHC","STL","S",2,"null",3,2,2018,"-0.3389","1.2384","1.2136","2.1190","null","null","null",1,1,"Bot","null","null",,,425877,,"180418_001731","7.5002","-131.9181","-6.4224","-5.6473","28.8530","-16.3247","3.1625","1.3649","null","null","null","91.3650","2082","6.7830",529666,425794,425877,500874,572761,594824,657557,542303,502054,451594,"53.7180","null","null","0.00",1,0,0,"null",6,"6","4-Seam Fastball",0,0,0,0,0,0,0,0
"FF","2018-04-14","86.9","2.4494","6.6504","Kris Bryant",592178,656794,"single","hit_into_play_no_out",,,,,"8","Kris Bryant singles on a line drive to center fielder Peter Bourjos.  ","R","R","L","CHC","ATL","X","null","line_drive",0,1,2018,"0.3952","1.0021","0.2244","2.0083","null","null","null",2,5,"Bot","136.80","105.57",,,435559,,"180414_201736","-6.0604","-126.3648","-6.9682","5.2346","21.4798","-20.5302","3.3606","1.5780","226","96.9","10.6220","86.6620","1550","5.8100",529613,656794,435559,518692,645277,518586,621020,572669,488721,455976,"54.6909","0.902","0.860","0.90",1,1,0,4,53,"2","4-Seam Fastball",2,10,2,10,10,2,2,10
"FF","2018-04-14","91.5","2.5362","6.6157","Kris Bryant",592178,656794,"field_out","hit_into_play",,,,,"2","Kris Bryant flies out to right fielder Nick Markakis.   Albert Almora to 3rd.  ","R","R","L","CHC","ATL","X",9,"fly_ball",2,1,2018,"0.6737","1.6419","0.0359","2.9137","null","546991.00","null",0,3,"Bot","192.47","110.48",,,435559,,"180414_194211","-7.6325","-132.8286","-6.8440","9.4060","27.2547","-11.8973","3.2434","1.4050","271","92.7","34.1980","90.5890","2324","5.7740",529613,656794,435559,518692,645277,518586,621020,572669,488721,455976,"54.7265","0.113","0.204","0.00",1,0,0,3,35,"4","4-Seam Fastball",1,9,1,9,9,1,1,9
"FF","2018-04-14","93.1","2.4728","6.7350","Kris Bryant",592178,656794,"double","hit_into_play_no_out",,,,,"5","Kris Bryant doubles (6) on a soft fly ball to right fielder Nick Markakis.  ","R","R","L","CHC","ATL","X","null","fly_ball",1,2,2018,"0.5810","1.3089","-0.1877","2.5090","null","null","null",1,1,"Bot","182.51","141.76",,,435559,,"180414_184118","-7.9371","-135.1468","-7.7737","8.5330","26.3554","-15.1489","3.2436","1.4052","192","70.2","25.2280","92.0890","2170","5.5850",529613,656794,435559,518692,645277,518586,621020,572669,488721,455976,"54.9159","0.936","0.861","1.25",1,1,1,4,9,"4","4-Seam Fastball",1,1,1,1,1,1,1,1
"FT","2018-04-13","98.1","-1.1539","5.9384","Kris Bryant",592178,527055,"field_out","hit_into_play",,,,,"6","Kris Bryant lines out to right fielder Nick Markakis.  ","R","R","R","CHC","ATL","X",9,"line_drive",3,2,2018,"-1.4046","1.3213","0.7711","2.0581","null","null","null",0,9,"Bot","180.29","95.70",,,435559,,"180413_212730","8.3106","-142.2477","-7.8650","-20.7152","34.8780","-12.9296","3.2436","1.4052","305","94.9","19.5550","96.8080","2507","5.9070",529598,527055,435559,518692,645277,475247,621020,488721,542255,455976,"54.5937","0.313","0.380","0.00",1,0,0,4,74,"6","2-Seam Fastball",0,4,0,4,4,0,0,4
"FS","2018-04-13","84.4","-0.0951","6.0444","Kris Bryant",592178,434671,"force_out","hit_into_play",,,,,"8","Braves challenged (play at 1st), call on the field was upheld: Kris Bryant grounds into a force out, third baseman Ryan Flaherty to second baseman Ozzie Albies.   Tommy La Stella out at 2nd.    Kris Bryant to 1st.  ","R","R","R","CHC","ATL","X",5,"ground_ball",1,2,2018,"-1.1724","0.4481","0.0683","1.7966","null","null","600303.00",0,6,"Bot","105.19","165.96",,,435559,,"180413_203032","2.6870","-122.9171","-4.5037","-12.3985","20.4192","-27.0450","3.2436","1.4052","46","72.3","2.9660","84.8510","1913","6.1790",529598,434671,435559,518692,645277,475247,621020,605512,542255,455976,"54.3218","0.202","0.214","0.00",1,0,0,2,53,"4","Split Finger",0,4,0,4,4,0,0,4
"FC","2018-04-13","86.9","-0.0349","6.1236","Kris Bryant",592178,434671,"single","hit_into_play_no_out",,,,,"14","Kris Bryant singles on a line drive to right fielder Nick Markakis.  ","R","R","R","CHC","ATL","X","null","line_drive",0,0,2018,"0.6918","0.9592","1.0953","2.0831","null","null","null",2,1,"Bot","143.99","135.19",,,435559,,"180413_183558","1.3014","-126.5360","-5.4669","7.1456","24.3849","-21.0812","3.2436","1.4052","161","68.2","16.7910","86.8560","2441","6.1020",529598,434671,435559,518692,645277,475247,621020,605512,542255,455976,"54.3992","0.618","0.567","0.90",1,1,0,4,8,"1","Cutter",0,0,0,0,0,0,0,0
"FF","2018-04-12","89.6","-1.9081","5.7272","Kris Bryant",592178,592866,"field_out","hit_into_play",,,,,"4","Kris Bryant grounds out, third baseman Colin Moran to first baseman Josh Bell.  ","R","R","R","CHC","PIT","X",5,"ground_ball",0,0,2018,"-0.7616","1.2962","-0.4036","2.0803","null","null","null",0,6,"Bot","99.86","166.20",,,465041,,"180412_200740","5.3581","-130.4531","-5.8580","-9.8218","24.3909","-16.2516","3.2402","1.4020","49","101.7","0.7440","90.4410","2135","6.5260",529594,592866,465041,605137,624428,592567,474568,572816,516782,570256,"53.9751","0.475","0.436","0.00",1,0,0,4,47,"1","4-Seam Fastball",1,2,1,2,2,1,1,2
"CH","2018-04-12","85.5","-1.9193","5.6062","Kris Bryant",592178,592866,"strikeout","swinging_strike",,,,,"13","Kris Bryant strikes out swinging.  ","R","R","R","CHC","PIT","S",2,"null",3,2,2018,"-1.4244","0.6839","-1.1725","1.3215","null","664023.00","null",1,3,"Bot","null","null",,,465041,,"180412_192234","4.7307","-124.4704","-5.2714","-15.9964","25.0621","-24.0802","3.2436","1.4051","null","null","null","86.3590","1659","6.8230",529594,592866,465041,605137,624428,592567,474568,572816,516782,570256,"53.6778","null","null","0.00",1,0,0,"null",26,"7","Changeup",0,1,0,1,1,0,0,1
"FS","2018-04-11","84.2","1.7801","6.0129","Kris Bryant",592178,519294,"double","hit_into_play_score",,,,,"5","Kris Bryant doubles (5) on a line drive to right fielder Gregory Polanco.   Albert Almora scores.  ","R","R","L","CHC","PIT","X","null","line_drive",3,2,2018,"1.3220","0.7067","0.0592","2.2695","null","546991.00","null",1,7,"Bot","189.12","119.71",,,465041,,"180412_024202","-6.4048","-122.2621","-3.5707","14.1014","24.3785","-24.8725","3.2414","1.4030","240","89.1","18.3360","82.6700","1728","5.4140",529584,519294,465041,605137,543281,501896,474568,446481,516782,570256,"55.0872","0.543","0.542","1.25",1,1,1,4,68,"6","Split Finger",11,4,11,4,4,11,11,4
"FF","2018-04-11","96.5","-1.1671","6.0710","Kris Bryant",592178,607192,"double","hit_into_play_score",,,,,"5","Kris Bryant doubles (4) on a sharp line drive to center fielder Starling Marte.   Tommy La Stella scores.    Albert Almora to 3rd.  ","R","R","R","CHC","PIT","X","null","line_drive",2,2,2018,"0.0470","1.0498","0.0395","2.4911","null","600303.00","546991.00",1,6,"Bot","108.59","44.92",,,465041,,"180412_021306","3.1939","-140.7135","-6.7056","-0.0494","31.1869","-16.1294","3.2414","1.4030","365","110.2","18.1380","99.5080","2155","7.7950",529584,607192,465041,605137,543281,501896,474568,446481,516782,570256,"52.7061","0.818","1.277","1.25",1,1,1,6,56,"6","4-Seam Fastball",5,4,5,4,4,5,5,4
"CH","2018-04-11","85.2","2.6235","5.6866","Kris Bryant",592178,643230,"field_out","hit_into_play",,,,,"12","Kris Bryant grounds out, third baseman David Freese to first baseman Josh Bell.  ","R","R","L","CHC","PIT","X",5,"ground_ball",2,1,2018,"0.9534","0.1655","1.1237","2.3767","null","null","null",2,4,"Bot","110.15","166.20",,,465041,,"180412_013349","-5.5425","-124.2293","-1.9076","11.1258","22.5042","-30.2414","3.2415","1.4030","9","65.9","-13.5870","86.6110","1592","6.8660",529584,643230,465041,605137,543281,501896,474568,446481,516782,570256,"53.6347","0.068","0.063","0.00",1,0,0,2,39,"4","Changeup",4,3,4,3,3,4,4,3
"CH","2018-04-11","86.0","2.4007","5.7444","Kris Bryant",592178,643230,"field_out","hit_into_play",,,,,"14","Kris Bryant grounds out softly, third baseman David Freese to first baseman Josh Bell.  ","R","R","L","CHC","PIT","X",5,"ground_ball",0,2,2018,"0.8724","0.4661","0.1057","0.9665","null","null","546991.00",2,2,"Bot","119.24","188.01",,,465041,,"180412_005623","-7.3347","-125.1566","-6.1611","10.7735","23.2737","-26.1708","3.2415","1.4030","null","82.9","-20.6990","87.3000","1517","6.9310",529584,643230,465041,605137,543281,501896,474568,446481,516782,570256,"53.5700","0.072","0.066","0.00",1,0,0,2,23,"4","Changeup",4,3,4,3,3,4,4,3
"FT","2018-04-11","92.1","2.7209","5.7832","Kris Bryant",592178,643230,"single","hit_into_play_no_out",,,,,"9","Kris Bryant singles on a ground ball to shortstop Jordy Mercer, deflected by pitcher Steven Brault.  ","R","R","L","CHC","PIT","X",1,"ground_ball",2,1,2018,"0.9976","0.4161","0.5460","1.6220","null","null","null",1,1,"Bot","120.45","168.63",,,465041,,"180412_001909","-7.7027","-133.9498","-5.7009","13.6127","25.6711","-26.2068","3.2415","1.4030","91","86.9","6.9570","92.6920","1778","6.4200",529584,643230,465041,605137,543281,501896,474568,446481,516782,570256,"54.0806","0.513","0.469","0.90",1,1,0,4,6,"4","2-Seam Fastball",0,0,0,0,0,0,0,0
"FF","2018-04-10","96.9","2.5591","5.5415","Kris Bryant",592178,553878,"field_out","hit_into_play",,,,,"12","Kris Bryant lines out sharply to shortstop Jordy Mercer.  ","R","R","L","CHC","PIT","X",6,"line_drive",0,2,2018,"0.8953","1.3914","0.2199","3.5892","null","null","664023.00",1,9,"Bot","111.13","142.12",,,465041,,"180410_212703","-8.1617","-140.6978","-2.6837","13.6200","35.1217","-13.7698","3.2441","1.4057","191","101.6","10.9390","95.4710","2551","5.8120",529555,553878,465041,605137,543281,592567,474568,572816,516782,570256,"54.6874","0.943","0.939","0.00",1,0,0,4,79,"3","4-Seam Fastball",5,8,5,8,8,5,5,8
"SL","2018-04-10","86.5","-0.4250","6.3074","Kris Bryant",592178,650828,"field_out","hit_into_play",,,,,"14","Kris Bryant grounds out, pitcher Edgar Santana to first baseman Josh Bell.  ","R","R","R","CHC","PIT","X",1,"ground_ball",1,2,2018,"-0.3682","0.0370","0.9067","1.4166","null","null","null",0,8,"Bot","136.20","181.95",,,465041,,"180410_205424","3.8016","-125.5118","-5.2943","-4.5686","28.6366","-30.9052","3.2441","1.4057","5","51.2","-17.5970","84.0960","2477","5.1610",529555,650828,465041,605137,543281,592567,474568,572816,516782,570256,"55.3385","0.081","0.077","0.00",1,0,0,1,67,"5","Slider",3,8,3,8,8,3,3,8
"FT","2018-04-10","92.0","-2.5314","6.3093","Kris Bryant",592178,467100,"field_out","hit_into_play",,,,,"1","Kris Bryant lines out to third baseman Colin Moran.  ","R","R","R","CHC","PIT","X",5,"line_drive",1,0,2018,"-1.5895","0.8592","-0.5994","2.7269","null","null","null",1,3,"Bot","98.83","161.85",,,465041,,"180410_193330","8.5501","-133.7555","-5.2056","-21.3864","29.0863","-20.6677","3.2441","1.4057","131","86.1","10.0240","93.1560","2171","7.0410",529555,467100,465041,605137,543281,592567,474568,572816,516782,570256,"53.4587","0.629","0.574","0.00",1,0,0,4,29,"2","2-Seam Fastball",2,4,2,4,4,2,2,4
"FT","2018-04-10","92.7","-2.6921","6.1799","Kris Bryant",592178,467100,"single","hit_into_play_no_out",,,,,"6","Kris Bryant singles on a ground ball to second baseman Josh Harrison.  ","R","R","R","CHC","PIT","X","null","ground_ball",3,2,2018,"-1.5496","0.4788","0.2938","2.1028","null","null","null",1,1,"Bot","120.45","145.61",,,465041,,"180410_183235","10.8945","-134.4195","-5.5635","-20.9816","29.7847","-25.4381","3.2441","1.4057","null","90.3","-17.3000","91.9250","2197","6.0690",529555,467100,465041,605137,543281,592567,474568,572816,516782,570256,"54.4302","0.156","0.153","0.90",1,1,0,2,5,"6","2-Seam Fastball",0,0,0,0,0,0,0,0
"FF","2018-04-08","96.7","-2.3200","5.0928","Kris Bryant",592178,592865,"strikeout","called_strike",,,,,"13","Kris Bryant called out on strikes.  ","R","R","R","MIL","CHC","S",2,"null",0,2,2018,"-0.4912","1.1813","-0.8738","1.8255","518792.00","600303.00","null",2,7,"Top","null","null",,,444489,,"180408_200946","4.9487","-140.6661","-5.7921","-7.6058","32.5145","-15.5250","3.3389","1.6599","null","null","null","96.3230","2390","6.1350",529535,592865,444489,542583,542340,541650,606115,460075,456715,570267,"54.3646","null","null","0.00",1,0,0,"null",51,"3","4-Seam Fastball",0,3,3,0,3,0,3,0
"CU","2018-04-08","77.7","-1.9614","5.9503","Kris Bryant",592178,502624,"field_out","hit_into_play",,,,,"8","Kris Bryant flies out to right fielder Domingo Santana.  ","R","R","R","MIL","CHC","X",9,"fly_ball",2,2,2018,"0.6671","-1.0512","0.1518","1.9710","null","546991.00","null",2,5,"Top","142.70","110.48",,,444489,,"180408_193020","3.2836","-112.8855","0.2231","4.8963","20.2523","-41.1279","3.2739","1.4346","215","90.5","57.7110","76.1040","2280","5.1880",529535,502624,444489,542583,542340,541650,606115,460075,456715,570267,"55.3114","0.015","0.009","0.00",1,0,0,3,34,"6","Curveball",0,2,2,0,2,0,2,0
"CU","2018-04-08","77.0","-1.8681","6.0320","Kris Bryant",592178,502624,"field_out","hit_into_play",,,,,"5","Kris Bryant lines out to third baseman Hernan Perez.  ","R","R","R","MIL","CHC","X",5,"line_drive",0,0,2018,"0.5647","-0.9866","0.2613","2.0377","null","null","546991.00",2,3,"Top","94.08","164.40",,,444489,,"180408_184818","3.4465","-111.7743","0.2481","3.7966","21.7276","-40.3415","3.2739","1.4346","134","66.5","17.0020","74.5880","2285","4.8180",529535,502624,444489,542583,542340,541650,606115,460075,456715,570267,"55.6812","0.520","0.495","0.00",1,0,0,2,17,"1","Curveball",0,0,0,0,0,0,0,0
"FT","2018-04-08","93.0","-1.7898","6.0081","Kris Bryant",592178,502624,"field_out","hit_into_play",,,,,"4","Kris Bryant flies out sharply to center fielder Lorenzo Cain.  ","R","R","R","MIL","CHC","X",8,"fly_ball",1,1,2018,"-1.4193","1.3273","-0.5977","2.3767","null","null","null",1,1,"Top","87.07","55.96",,,444489,,"180408_181143","6.0595","-135.1064","-6.2806","-18.4284","31.5369","-15.0521","3.2739","1.4346","348","103.9","43.0470","91.9150","2218","5.8910",529535,502624,444489,542583,542340,541650,606115,460075,456715,570267,"54.6083","0.243","0.478","0.00",1,0,0,5,2,"3","2-Seam Fastball",0,0,0,0,0,0,0,0
"KC","2018-04-07","80.2","-0.9559","5.8397","Kris Bryant",592178,502026,"triple","hit_into_play_no_out",,,,,"7","Kris Bryant triples (1) on a fly ball to center fielder Lorenzo Cain.  ","R","R","R","MIL","CHC","X","null","fly_ball",1,1,2018,"0.6581","-0.6939","-0.6604","2.1924","null","null","null",1,8,"Top","150.96","45.55",,,542908,,"180407_223154","-0.5557","-116.7273","-0.0797","5.9849","22.4160","-38.6080","3.5750","1.6810","400","102.6","27.5220","79.3450","2391","5.7280",529520,502026,542908,519346,542340,543768,606115,460075,456715,570267,"54.7711","0.884","1.734","1.60",1,1,2,6,53,"3","Knuckle Curve",1,1,1,1,1,1,1,1
"CH","2018-04-07","80.0","-2.0761","5.5126","Kris Bryant",592178,605200,"home_run","hit_into_play_score",,,,,"8","Kris Bryant homers (2) on a fly ball to left field.  ","R","R","R","MIL","CHC","X","null","fly_ball",3,2,2018,"-1.6683","0.6831","-0.1520","1.8589","null","null","null",0,6,"Top","35.42","51.41",,,542908,,"180407_214726","7.2856","-116.1668","-2.5514","-16.2786","22.2658","-25.8306","3.5750","1.6810","407","108.8","26.5590","79.3090","1792","5.9780",529520,605200,542908,519346,542340,543768,606115,460075,456715,570267,"54.5213","0.988","1.989","2.00",1,0,3,6,38,"6","Changeup",1,0,0,1,0,1,0,1
"FT","2018-04-07","91.6","-2.0302","5.5030","Kris Bryant",592178,605200,"single","hit_into_play_no_out",,,,,"9","Kris Bryant singles on a soft ground ball to pitcher Zach Davies, deflected by shortstop Orlando Arcia.  ","R","R","R","MIL","CHC","X",6,"ground_ball",1,1,2018,"-1.4193","0.9297","0.5019","1.7752","null","null","null",0,4,"Top","116.93","161.87",,,542908,,"180407_205804","9.2476","-132.8441","-5.3851","-18.4224","28.9121","-20.5048","3.5750","1.6810","3","73.7","-34.6900","90.2730","2155","5.7010",529520,605200,542908,519346,542340,543768,606115,460075,456715,570267,"54.7981","0.061","0.047","0.90",1,1,0,2,21,"3","2-Seam Fastball",0,0,0,0,0,0,0,0
"FT","2018-04-06","93.9","-0.9538","5.7280","Kris Bryant",592178,502026,"field_out","hit_into_play",,,,,"11","Kris Bryant lines out to shortstop Orlando Arcia.  ","R","R","R","MIL","CHC","X",6,"line_drive",2,0,2018,"-1.4696","0.9834","-1.2340","2.7275","null","null","null",0,7,"Top","99.05","134.05",,,444489,,"180407_025211","2.5395","-136.6405","-4.2115","-18.9627","31.3609","-19.1284","3.5750","1.6810","170","59.9","22.8510","93.9350","2132","6.4040",529510,502026,444489,519346,519299,543768,606115,460075,456715,570267,"54.0958","0.454","0.370","0.00",1,0,0,4,60,"3","2-Seam Fastball",4,4,4,4,4,4,4,4
"FF","2018-04-06","92.8","3.7087","5.0446","Kris Bryant",592178,623352,"strikeout","swinging_strike",,,,,"12","Kris Bryant strikes out swinging.  ","R","R","L","MIL","CHC","S",2,"null",3,2,2018,"1.1455","1.4868","0.3676","3.7431","null","null","null",0,5,"Top","null","null",,,444489,,"180407_014919","-11.1325","-134.7123","-0.7797","16.5685","30.4959","-13.9700","3.5750","1.6810","null","null","null","93.0380","2226","6.6590",529510,623352,444489,519346,542340,543768,606115,460075,456715,570267,"53.8405","null","null","0.00",1,0,0,"null",37,"8","4-Seam Fastball",0,2,2,0,2,0,2,0
"CH","2018-04-06","83.9","-1.3887","5.8849","Kris Bryant",592178,605540,"field_out","hit_into_play",,,,,"4","Kris Bryant grounds out, third baseman Travis Shaw to first baseman Eric Thames.  ","R","R","R","MIL","CHC","X",5,"ground_ball",0,0,2018,"-1.4957","0.6457","-0.3459","2.3597","null","null","450314.00",2,2,"Top","104.23","168.48",,,444489,,"180407_004303","5.4947","-122.2074","-3.0769","-16.3391","24.8424","-25.1704","3.5750","1.6810","10","78.0","-14.5890","84.7720","1674","6.8750",529510,605540,444489,519346,542340,543768,606115,460075,456715,570267,"53.6246","0.090","0.090","0.00",1,0,0,2,14,"1","Changeup",0,2,2,0,2,0,2,0
"SL","2018-04-06","88.6","-1.2641","5.8219","Kris Bryant",592178,605540,"field_out","hit_into_play",,,,,"6","Kris Bryant flies out to left fielder Ryan Braun.  ","R","R","R","MIL","CHC","X",7,"fly_ball",3,2,2018,"0.2893","-0.0762","0.7219","2.7135","null","null","null",1,1,"Top","78.57","53.78",,,444489,,"180407_001516","4.2116","-128.7741","-1.3069","2.2004","28.6552","-32.9718","3.5750","1.6810","359","92.8","30.0320","87.4100","2111","5.7660",529510,605540,444489,519346,542340,543768,606115,460075,456715,570267,"54.7335","0.190","0.303","0.00",1,0,0,3,2,"7","Slider",0,0,0,0,0,0,0,0
"FF","2018-04-05","91.5","2.6201","5.5734","Kris Bryant",592178,543359,"single","hit_into_play_score",,,,,"4","Kris Bryant singles on a line drive to left fielder Ryan Braun.   Ian Happ scores.  ","R","R","L","MIL","CHC","X","null","line_drive",1,1,2018,"0.4676","0.7336","-0.4060","2.4052","null","664023.00","null",1,8,"Top","104.21","126.73",,,542908,,"180406_022927","-8.4848","-132.8856","-3.5824","7.2301","28.7562","-23.1922","3.2734","1.4340","185","95.2","12.5450","90.1640","2363","5.6030",529499,543359,542908,542583,519299,541650,606115,460075,456715,570267,"54.8965","0.906","0.899","0.90",1,1,0,4,66,"3","4-Seam Fastball",0,5,5,0,5,0,5,0
"FF","2018-04-05","96.1","-1.9895","5.8535","Kris Bryant",592178,606930,"field_error","hit_into_play_no_out",,,,,"8","Kris Bryant reaches on a force attempt, missed catch error by second baseman Hernan Perez, assist to third baseman Travis Shaw.    Ben Zobrist to 2nd.  ","R","R","R","MIL","CHC","X",5,"ground_ball",0,0,2018,"-0.1554","1.4384","0.1691","1.9898","null","null","450314.00",1,6,"Top","108.29","169.49",,,542908,,"180406_014539","6.1138","-139.6898","-7.9638","-3.4733","32.4601","-11.5232","3.2734","1.4340","31","78.6","-1.1200","96.5700","2607","6.6890",529499,606930,542908,542583,541650,543768,606115,460075,456715,570267,"53.8107","0.175","0.172","0.90",1,0,0,2,49,"1","4-Seam Fastball",0,5,5,0,5,0,5,0
"CH","2018-04-05","81.2","3.0320","6.3459","Kris Bryant",592178,608718,"single","hit_into_play_no_out",,,,,"12","Kris Bryant singles on a line drive to left fielder Ryan Braun.  ","R","R","L","MIL","CHC","X","null","line_drive",1,1,2018,"0.7962","1.4568","1.2793","2.6367","null","null","null",2,4,"Top","90.10","118.14",,,542908,,"180406_011335","-5.5171","-118.1831","-4.5034","8.6476","24.3019","-17.7109","3.3735","1.7094","212","69.7","23.7250","81.6080","1906","6.7330",529499,608718,542908,542583,541650,543768,606115,460075,456715,570267,"53.7663","0.945","0.885","0.90",1,1,0,4,33,"3","Changeup",0,5,5,0,5,0,5,0
"CH","2018-04-05","80.7","2.9677","6.4042","Kris Bryant",592178,608718,"field_out","hit_into_play",,,,,"14","Kris Bryant grounds out to first baseman Jesus Aguilar.  ","R","R","L","MIL","CHC","X",3,"ground_ball",0,2,2018,"0.7942","1.3292","0.9422","2.1769","null","null","null",0,3,"Top","130.09","196.73",,,542908,,"180406_005015","-6.0292","-117.3426","-5.2811","8.4897","22.0742","-19.0802","3.2734","1.4340","18","62.4","-6.6570","80.8460","1791","6.4170",529499,608718,542908,542583,541650,543768,606115,460075,456715,570267,"54.0819","0.070","0.064","0.00",1,0,0,2,20,"4","Changeup",0,3,3,0,3,0,3,0
"SL","2018-04-05","74.1","2.9233","6.5607","Kris Bryant",592178,608718,"field_out","hit_into_play",,,,,"6","Kris Bryant flies out to center fielder Lorenzo Cain.  ","R","R","L","MIL","CHC","X",8,"fly_ball",0,1,2018,"-0.6884","-0.2958","0.6731","2.2432","null","null","450314.00",1,1,"Top","112.86","46.06",,,542908,,"180406_001404","-3.3964","-107.8236","-1.0091","-4.7153","19.8938","-34.5110","3.2734","1.4340","363","92.7","33.0180","73.9800","2136","6.3400",529499,608718,542908,542583,541650,543768,606115,460075,456715,570267,"54.1590","0.140","0.288","0.00",1,0,0,3,3,"2","Slider",0,0,0,0,0,0,0,0
"FF","2018-04-02","93.4","-3.2949","5.7953","Kris Bryant",592178,641816,"field_out","hit_into_play",,,,,"7","Kris Bryant grounds out, third baseman Eugenio Suarez to first baseman Joey Votto.  ","R","R","R","CIN","CHC","X",5,"ground_ball",2,2,2018,"-0.9994","1.4461","-0.6196","1.8698","null","null","null",1,6,"Top","104.29","168.79",,,571466,,"180402_213917","8.9100","-135.5276","-7.3524","-13.9533","28.5064","-13.3879","3.2511","1.4117","29","100.5","-1.9930","92.3160","2126","5.7140",529459,641816,571466,458015,571697,553993,460060,594807,571740,608385,"54.7854","0.434","0.390","0.00",1,0,0,2,42,"6","4-Seam Fastball",1,0,0,1,0,1,0,1
"FF","2018-04-02","94.7","-3.2068","5.7351","Kris Bryant",592178,641816,"field_out","hit_into_play",,,,,"5","Kris Bryant lines out to right fielder Jesse Winker.  ","R","R","R","CIN","CHC","X",9,"line_drive",1,1,2018,"-1.0644","1.2634","-0.1833","2.2928","null","null","null",1,3,"Top","183.30","102.57",,,571466,,"180402_205627","10.2249","-137.4119","-6.0319","-15.7912","32.6133","-15.1142","3.2511","1.4117","266","88.1","21.1430","94.0990","2262","6.2550",529459,641816,571466,458015,571697,553993,460060,594807,571740,608385,"54.2439","0.272","0.260","0.00",1,0,0,3,21,"3","4-Seam Fastball",0,0,0,0,0,0,0,0
"FF","2018-04-02","92.6","-3.1997","5.8977","Kris Bryant",592178,641816,"field_out","hit_into_play",,,,,"2","Kris Bryant flies out to center fielder Billy Hamilton.  ","R","R","R","CIN","CHC","X",8,"fly_ball",1,1,2018,"-1.1307","1.4833","0.0011","2.8757","null","null","664023.00",0,1,"Top","148.51","77.33",,,571466,,"180402_201423","10.5174","-134.2365","-5.0124","-15.8266","29.7641","-13.5962","3.2511","1.4117","315","88.7","33.7490","91.7380","2216","6.0360",529459,641816,571466,458015,571697,553993,460060,594807,571740,608385,"54.4630","0.045","0.069","0.00",1,0,0,3,2,"3","4-Seam Fastball",0,0,0,0,0,0,0,0
"SL","2018-04-01","85.7","-1.4850","6.1961","Kris Bryant",592178,608716,"strikeout","called_strike",,,,,"7","Kris Bryant called out on strikes.  ","R","R","R","MIA","CHC","S",2,"null",1,2,2018,"0.0170","0.2647","-0.5448","1.9391","null","null","600303.00",1,7,"Top","null","null",,,595453,,"180401_190923","2.1772","-124.6225","-4.2392","-0.3010","27.2264","-28.7803","3.3968","1.6093","null","null","null","85.0340","2083","6.0940",529446,608716,595453,500743,516770,605119,592680,518618,621446,457727,"54.4073","null","null","0.00",1,0,0,"null",56,"4","Slider",6,0,0,6,0,6,0,6
"CU","2018-04-01","75.9","2.0708","5.9699","Kris Bryant",592178,596071,"field_out","hit_into_play",,,,,"2","Kris Bryant grounds out, second baseman Starlin Castro to first baseman Garrett Cooper.  ","R","R","L","MIA","CHC","X",4,"ground_ball",1,1,2018,"-0.9519","-1.5039","0.1987","3.1719","null","null","null",1,5,"Top","114.39","148.16",,,595453,,"180401_182344","-2.2389","-110.1023","3.7085","-6.9070","20.5348","-44.7448","3.4487","1.6094","28","87.1","-3.4050","73.5810","2895","4.8400",529446,596071,595453,643265,516770,605119,592680,518618,621446,457727,"55.6607","0.225","0.200","0.00",1,0,0,2,34,"3","Curveball",0,0,0,0,0,0,0,0
"FF","2018-04-01","90.5","1.8739","5.9776","Kris Bryant",592178,596071,"single","hit_into_play_no_out",,,,,"2","Kris Bryant singles on a line drive to left fielder Derek Dietrich.   Albert Almora to 3rd.  ","R","R","L","MIA","CHC","X","null","line_drive",1,1,2018,"-0.1073","1.2907","-0.2141","3.2107","null","null","546991.00",1,3,"Top","61.05","110.57",,,595453,,"180401_175324","-4.8946","-131.4487","-3.4708","-0.0171","31.5516","-17.3059","3.4489","1.6304","138","97.6","8.6760","88.4110","2404","5.3910",529446,596071,595453,643265,516770,605119,592680,518618,621446,457727,"55.1103","0.729","0.681","0.90",1,1,0,4,18,"3","4-Seam Fastball",0,0,0,0,0,0,0,0
"CU","2018-03-31","71.9","-2.3930","3.3617","Kris Bryant",592178,446899,"double","hit_into_play_score",,,,,"6","Umpire reviewed (tag play), call on the field was upheld: Kris Bryant doubles (3) on a ground ball to left fielder Derek Dietrich.   Jason Heyward scores.    Albert Almora scores.    Victor Caratini scores.    Kris Bryant to 3rd on the throw.  ","R","R","R","MIA","CHC","X","null","ground_ball",0,2,2018,"0.8356","1.2477","0.3256","2.5581","518792.00","546991.00","605170.00",2,10,"Top","52.68","118.53",,,592407,,"180401_025252","3.9670","-104.5309","3.8046","5.3617","18.2670","-24.0334","3.3372","1.4990","62","85.9","2.9830","71.4840","2045","6.1030",529431,446899,592407,571506,516770,605119,500743,518618,621446,457727,"54.3983","0.400","0.335","1.25",1,1,1,2,86,"5","Curveball",6,7,7,6,7,6,7,6
"SI","2018-03-31","83.3","-2.7232","2.6757","Kris Bryant",592178,446899,"field_out","hit_into_play",,,,,"8","Kris Bryant grounds out sharply, shortstop Miguel Rojas to first baseman Justin Bour.  ","R","R","R","MIA","CHC","X",6,"ground_ball",1,0,2018,"-1.2727","-0.7585","-0.0810","2.0564","null","null","null",0,9,"Top","107.19","159.11",,,592407,,"180401_022716","8.4128","-120.6836","6.4167","-13.8157","21.8722","-40.8848","3.3372","1.4990","90","103.7","4.4310","82.5420","1891","5.8740",529431,446899,592407,571506,516770,605119,500743,518618,621446,457727,"54.6269","0.611","0.557","0.00",1,0,0,4,74,"2","Sinker",6,6,6,6,6,6,6,6
"FT","2018-03-31","92.4","-1.9863","5.8449","Kris Bryant",592178,545363,"field_out","hit_into_play",,,,,"8","Kris Bryant grounds out, shortstop Miguel Rojas to first baseman Justin Bour.  ","R","R","R","MIA","CHC","X",6,"ground_ball",1,1,2018,"-1.1492","0.8907","0.0378","1.9556","null","null","null",0,7,"Top","111.43","155.48",,,592407,,"180401_013546","7.7033","-134.2917","-6.0006","-15.7113","31.6559","-20.2131","3.3372","1.4990","27","106.0","-2.3660","92.3590","2059","6.5350",529431,545363,592407,571506,516770,605119,500743,518618,621446,457727,"53.9660","0.459","0.462","0.00",1,0,0,4,55,"3","2-Seam Fastball",5,6,6,5,6,5,6,5
"SI","2018-03-31","92.2","-2.1325","5.3517","Kris Bryant",592178,628333,"single","hit_into_play_no_out",,,,,"6","Kris Bryant singles on a sharp line drive to center fielder Lewis Brinson.  ","R","R","R","MIA","CHC","X","null","line_drive",0,0,2018,"-1.6587","0.6136","0.4845","2.4632","null","null","null",1,3,"Top","100.23","89.71",,,592407,,"180331_235346","10.1619","-133.7217","-2.7486","-21.9766","30.5599","-24.5144","3.3372","1.4990","267","105.7","13.7030","91.4050","2112","6.1300",529431,628333,592407,571506,516770,605119,500743,518618,621446,457727,"54.3706","0.709","0.799","0.90",1,1,0,5,19,"1","Sinker",2,2,2,2,2,2,2,2
"FC","2018-03-31","82.2","-2.0154","5.3326","Kris Bryant",592178,628333,"strikeout","swinging_strike",,,,,"14","Kris Bryant strikes out swinging.  ","R","R","R","MIA","CHC","S",2,"null",0,2,2018,"1.1830","0.0720","3.4322","1.0644","null","null","null",1,1,"Top","null","null",,,592407,,"180331_231251","9.9105","-119.0650","-3.0914","8.7139","25.0071","-31.1590","3.3372","1.4990","null","null","null","80.1510","3013","5.3510",529431,628333,592407,571506,516770,605119,500743,518618,621446,457727,"55.1502","null","null","0.00",1,0,0,"null",2,"3","Cutter",0,0,0,0,0,0,0,0
"SI","2018-03-30","90.6","-1.9058","5.6642","Kris Bryant",592178,628333,"field_out","hit_into_play",,,,,"9","Kris Bryant lines out to second baseman Starlin Castro.  ","R","R","R","MIA","CHC","X",4,"line_drive",2,0,2018,"-1.2675","0.7036","0.2906","2.0372","null","null","null",0,17,"Top","121.98","141.05",,,595453,,"180331_041805","8.0447","-131.4121","-4.4556","-16.1892","30.7192","-23.4560","3.3170","1.5192","197","100.6","11.5280","89.1830","2052","5.8280",529422,628333,595453,518618,516770,605119,500743,657658,621446,457727,"54.6729","0.911","0.910","0.00",1,0,0,4,130,"3","Sinker",1,1,1,1,1,1,1,1
"FF","2018-03-30","89.8","2.4873","5.9668","Kris Bryant",592178,606424,"single","hit_into_play_no_out",,,,,"6","Kris Bryant singles on a line drive to left fielder Braxton Lee.   Victor Caratini to 2nd.  ","R","R","L","MIA","CHC","X","null","line_drive",0,1,2018,"1.2368","0.8523","0.5806","2.1265","null","null","605170.00",0,15,"Top","93.09","126.22",,,595453,,"180331_034011","-7.2776","-130.3647","-5.2218","15.5522","29.1218","-21.6501","3.3372","1.5393","193","97.9","12.4430","89.1030","1986","6.1320",529422,606424,595453,518618,516770,605119,500743,657658,621446,457727,"54.3691","0.900","0.885","0.90",1,1,0,4,113,"2","4-Seam Fastball",1,1,1,1,1,1,1,1
"CH","2018-03-30","85.6","1.6257","6.1558","Kris Bryant",592178,606424,"strikeout","called_strike",,,,,"3","Kris Bryant called out on strikes.  ","R","R","L","MIA","CHC","S",2,"null",1,2,2018,"1.6078","0.7361","0.7724","2.9660","null","null","null",1,12,"Top","null","null",,,595453,,"180331_025341","-5.2116","-124.4109","-2.6650","17.6055","26.3943","-24.2928","3.3473","1.5393","null","null","null","85.0660","2091","6.1410",529422,606424,595453,518618,516770,605119,500743,657658,621446,457727,"54.3597","null","null","0.00",1,0,0,"null",94,"4","Changeup",1,1,1,1,1,1,1,1
"SL","2018-03-30","81.1","1.9230","6.0669","Kris Bryant",592178,592761,"strikeout","swinging_strike",,,,,"8","Kris Bryant strikes out swinging.  ","R","R","L","MIA","CHC","S",2,"null",1,2,2018,"-0.0621","-0.0803","0.2540","1.5040","null","null","546991.00",1,5,"Top","null","null",,,595453,,"180331_003343","-3.5234","-117.7749","-3.3013","0.1532","23.4748","-32.5257","3.3372","1.5998","null","null","null","78.9050","2279","4.9790",529422,592761,595453,571506,516770,605119,500743,518618,621446,457727,"55.5217","null","null","0.00",1,0,0,"null",38,"4","Slider",1,1,1,1,1,1,1,1
"FF","2018-03-30","91.8","2.2638","5.7949","Kris Bryant",592178,592761,"home_run","hit_into_play_score",,,,,"2","Kris Bryant homers (1) on a fly ball to left field.  ","R","R","L","MIA","CHC","X","null","fly_ball",1,2,2018,"1.4243","1.2551","-0.0380","3.0168","null","null","null",1,3,"Top","14.89","55.18",,,595453,,"180330_235006","-8.6118","-132.9948","-3.5859","18.2927","33.1363","-17.3601","3.3170","1.5191","426","109.5","27.6820","89.3110","2231","5.3700",529422,592761,595453,571506,516770,605119,500743,518618,621446,643265,"55.1306","0.993","1.990","2.00",1,0,3,6,19,"4","4-Seam Fastball",0,0,0,0,0,0,0,0
"FF","2018-03-30","93.7","2.0803","6.0647","Kris Bryant",592178,592761,"double","hit_into_play_no_out",,,,,"3","Kris Bryant doubles (2) on a sharp line drive to left fielder Derek Dietrich.  ","R","R","L","MIA","CHC","X","null","line_drive",1,1,2018,"1.0250","1.4163","0.6820","3.0848","null","null","null",1,1,"Top","84.89","49.00",,,595453,,"180330_231338","-5.7276","-135.8464","-4.7690","13.7088","36.6880","-14.3914","3.3976","1.5595","366","104.6","20.0470","91.3690","2424","5.6250",529422,592761,595453,571506,516770,605119,500743,518618,621446,643265,"54.8761","0.822","1.225","1.25",1,1,1,6,2,"3","4-Seam Fastball",0,0,0,0,0,0,0,0
"FF","2018-03-29","91.2","-2.3850","6.1706","Kris Bryant",592178,547749,"field_out","hit_into_play",,,,,"5","Kris Bryant flies out to right fielder Garrett Cooper.  ","R","R","R","MIA","CHC","X",9,"fly_ball",0,0,2018,"-0.7070","1.5446","0.0795","2.6359","null","null","null",0,8,"Top","189.84","116.30",,,595453,,"180329_193258","7.4460","-132.0294","-5.8420","-9.7240","34.0253","-13.9540","3.3372","1.4990","272","94.2","51.8980","88.0940","2287","5.1180",529407,547749,595453,571506,516770,605119,592680,518618,621446,643265,"55.3833","0.006","0.003","0.00",1,0,0,3,72,"1","4-Seam Fastball",4,8,8,4,8,4,8,4
"SL","2018-03-29","83.1","-1.9537","6.3102","Kris Bryant",592178,594027,"strikeout","swinging_strike",,,,,"13","Kris Bryant strikes out swinging.  ","R","R","R","MIA","CHC","S",2,"null",1,2,2018,"0.2310","-0.0970","-0.5305","1.2759","null","null","null",1,6,"Top","null","null",,,595453,,"180329_184125","2.8117","-120.9115","-4.8369","1.6676","25.3207","-32.3364","3.3372","1.4990","null","null","null","82.9970","2095","6.3960",529407,594027,595453,571506,516770,605119,500743,518618,621446,643265,"54.1049","null","null","0.00",1,0,0,"null",56,"4","Slider",4,5,5,4,5,4,5,4
"SL","2018-03-29","84.6","-1.4701","5.9979","Kris Bryant",592178,570632,"double","hit_into_play_no_out",,,,,"5","Kris Bryant doubles (1) on a ground ball to left fielder Derek Dietrich.  ","R","R","R","MIA","CHC","X","null","ground_ball",2,2,2018,"0.0517","0.8187","0.0303","2.1400","null","null","null",1,4,"Top","25.09","107.82",,,595453,,"180329_180005","3.3619","-122.8953","-4.0872","-0.2675","28.3499","-23.4673","3.3372","1.4990","58","93.7","1.8030","83.1880","2311","5.8240",529407,570632,595453,571506,516770,605119,500743,518618,621446,643265,"54.6766","0.411","0.400","1.25",1,1,1,4,37,"5","Slider",4,4,4,4,4,4,4,4
"SL","2018-03-29","83.2","-1.4399","6.0171","Kris Bryant",592178,570632,"field_out","hit_into_play",,,,,"5","Kris Bryant lines out to third baseman Brian Anderson.  ","R","R","R","MIA","CHC","X",5,"line_drive",1,2,2018,"0.5886","0.0596","0.1832","2.4898","null","null","null",1,2,"Top","92.88","167.84",,,595453,,"180329_172031","2.5610","-120.9298","-1.5436","4.9250","30.1481","-31.5305","3.3372","1.4990","125","86.0","10.0460","81.5540","2311","5.8840",529407,570632,595453,571506,516770,605119,500743,518618,621446,643265,"54.6167","0.629","0.574","0.00",1,0,0,4,17,"4","Slider",1,3,3,1,3,1,3,1